{
  "report_id": "borges_20250929_013117",
  "generated_at": "2025-09-29T01:31:17.700335",
  "statistics": {
    "total_asns": 119440,
    "total_organizations": 92622,
    "total_relationships": 10033,
    "total_groups": 23011,
    "total_favicon_analyses": 479
  },
  "api_usage": {
    "total_requests": 2994,
    "total_input_tokens": 2378440,
    "total_output_tokens": 149700,
    "estimated_cost_usd": 0.44658600000000226
  },
  "pipeline_results": [],
  "exported_files": {
    "dataframes": {
      "parquet": {
        "autonomous_systems": "data/output/autonomous_systems_20250929_013117.parquet",
        "organizations": "data/output/organizations_20250929_013117.parquet",
        "relationships": "data/output/relationships_20250929_013117.parquet",
        "network_groups": "data/output/network_groups_20250929_013117.parquet",
        "redirect_analysis": "data/output/redirect_analysis_20250929_013118.parquet",
        "consolidated_groups_summary": "data/output/consolidated_groups_summary_20250929_013118.parquet",
        "consolidated_groups_detailed": "data/output/consolidated_groups_detailed_20250929_013118.parquet"
      },
      "json": {
        "autonomous_systems": "data/output/autonomous_systems_20250929_013118.json",
        "organizations": "data/output/organizations_20250929_013118.json",
        "relationships": "data/output/relationships_20250929_013118.json",
        "network_groups": "data/output/network_groups_20250929_013118.json",
        "redirect_analysis": "data/output/redirect_analysis_20250929_013118.json",
        "consolidated_groups_summary": "data/output/consolidated_groups_summary_20250929_013118.json",
        "consolidated_groups_detailed": "data/output/consolidated_groups_detailed_20250929_013118.json"
      }
    },
    "full_report": "data/output/network_report_20250929_013118.json"
  }
}